<?xml version="1.0" encoding="UTF-8"?>
<StGermainData xmlns="http://www.vpac.org/StGermain/XML_IO_Handler/Jun2003">

    <!-- === Domain size ======================================= -->
    <!-- Axis 0: x -->
    <param name="minX" units="km"> -1920 </param>
    <param name="maxX" units="km">  1920 </param>

    <!-- Axis 1: y -->
    <param name="minY" units="km"> -576 </param>
    <param name="maxY" units="km">  0 </param>

    <!-- Axis 2: z -->
    <param name="minZ" units="km"> -1920 </param>
    <param name="maxZ" units="km"> 1920 </param>
    <!-- ====================================================== -->



    <!-- === User-defined Variables for ease of use ============ -->
    <!--     These variables are simple defined to make it easier to quickly
             change things like crustal thickness. More can be made by using
             the same format, or they can be ignored. -->
    <!-- ======================================================== -->


    <!-- === Important note! ==================================== -->
    <!--     Underworld requires that when shapes are defined with the 'startX'
             and 'endX' notation, that the numerical value of endX MUST be larger
             than startX.
             Therefore, if you make the air-crust interface y = 0 (as is done in
             the LMR), then you need to make sure that the smallest number is
             startX.
             For example, if you wanted a box that was 10 km thick, and starts at
             the moho, you would define it as such:
                startY = -50000
                endY   = -40000  # the moho
    -->

    <struct name="components" mergeType="merge">

        <!-- Asthenospheric mantle - isothermal -->
    <struct name="ThermalShape1626">
        <param name="Type"> Box </param>
        <param name="startX"> minX </param>
        <param name="endX"> maxX </param>
        <param name="startY">minY </param>
        <param name="endY" units="km"> -150 </param>
        <param name="startZ"> minZ </param>
        <param name="endZ"> maxZ </param>

    </struct>
	
    <!-- 100 km radius thermal anomaly whose centre is at 370 km depth -->
   <struct name="AnomalySphere">
        <param name="Type"> Sphere </param>
        <param name="CentreX" type="double" units="km">0</param>
	<param name="startX" type="double" units="km">-120</param>
        <param name="endX" type="double" units="km">120</param>
	<param name="CentreY" type="double" units="km">-370</param>
	<param name="startY" type="double" units="km">-490</param>
        <param name="endY" type="double" units="km">-250</param>
        <param name="CentreZ" type="double" units="km">0</param>
	<param name="startZ" type="double" units="km">-120</param>
        <param name="endZ" type="double" units="km">120</param>
        <param name="radius" type="double" units="km">100</param>
   </struct>


 <struct name="LithoShape">
        <param name="Type"> Box </param>
        <param name="startX"> minX </param>
        <param name="endX"> maxX </param>
        <param name="startY" units="km"> -150 </param>
        <param name="endY" units="km"> 0 </param>
        <param name="startZ"> minZ </param>
        <param name="endZ"> maxZ </param>
    </struct>

<struct name="CrustShape">
        <param name="Type"> Box </param>
        <param name="startX"> minX </param>
        <param name="endX"> maxX </param>
        <param name="startY" units="km"> -42 </param>
        <param name="endY" units="km"> 0 </param>
        <param name="startZ"> minZ </param>
        <param name="endZ"> maxZ </param>
    </struct>


    <!-- === Viscosity limiter =================================== -->
    <!--     If your model is not converging nicely, it can be helpful to
             reduce the viscosity gradients in your model. The viscosity limiter
             allows you to artificially limit the min and max viscosity allowed
             in your model, making it potentially easier to solve. -->
    
	<struct name="viscosityLimiter">
        <param name="Type"> ViscosityLimiter </param>
        <param name="maxViscosity" units="Pa*s"> 1e22</param>
        <param name="minViscosity" units="Pa*s"> 1e19 </param>
    </struct>




    <!-- === Material definitions ===================================================================== -->
    <!--     Materials are assigned their "materialIndex" by the order in which you define them
             here. Furthermore, materials will overprint each other, which can be useful, but
             also be a trip up.
             For example, we could define an "air" material first which covers the entire
             domain. We can then define a "crust" material second, which will overprint the air
             material. If we defined them the other way around ("crust" first, "air" second),
             the model domain would be entirely "air", because it will overprint the crust. -->


	<struct name="asthenosphere">
    <param name="Type"> RheologyMaterial </param>
    <param name="Shape"> ThermalShape1626 </param>
    <param name="DensityProperty"> densTemp_continental_litho_mantle</param>

    <param name="DiffusivityProperty"> global_diffusivity </param>
    <param name="CpProperty"> global_cp </param>
    <param name="ThermalExpansivityProperty"> global_expansivity</param>
    <param name="RadiogenicHeatProductionProperty"> radiogenic_lithospheric_mantle </param>


    <param name="MeltFractionProperty"> 0 </param>
    <param name="MeltFractionLimitProperty"> 0 </param>
    <param name="MeltExpansionProperty"> 0 </param>
    <param name="SolidusProperty"> 0 </param>
    <param name="LiquidusProperty"> 0 </param>
    <param name="LatentHeatFusionProperty" units="kJ*kg^-1"> 0.0 </param>
    <!--<param name="SurfaceProcesses"> erosion_threshold </param>-->

    <list name="Rheology">
         <!-- Viscous law  -->   <param> viscSRTdislocation_wet_olivine_Hirth2003_act33UpperLimit</param>
        <!-- Melt modifier -->  <!--<param> viscMelt_mantle_Hirth2003 </param>-->
        <!-- Visc limiter-->   <param> viscosityLimiter</param>

        </list>

</struct>


	<struct name="mantle">
    <param name="Type"> RheologyMaterial </param>
    <param name="Shape"> LithoShape </param>
    <param name="DensityProperty"> densTemp_continental_litho_mantle</param>

    <param name="DiffusivityProperty"> global_diffusivity </param>
    <param name="CpProperty"> global_cp </param>
    <param name="ThermalExpansivityProperty"> global_expansivity</param>
    <param name="RadiogenicHeatProductionProperty"> radiogenic_lithospheric_mantle </param>

    <param name="MeltFractionProperty"> 0 </param>
    <param name="MeltFractionLimitProperty"> 0 </param>
    <param name="MeltExpansionProperty"> 0 </param>
    <param name="SolidusProperty"> 0 </param>
    <param name="LiquidusProperty"> 0 </param>
    <param name="LatentHeatFusionProperty" units="kJ*kg^-1"> 0.0 </param>
    <!--<param name="SurfaceProcesses"> erosion_threshold </param>-->
        <list name="Rheology">
        <!-- Viscous law  -->   <param> viscSRTdislocation_wet_olivine_Hirth2003_act33UpperLimit</param>
        <!-- Melt modifier -->  <!--<param> viscMelt_mantle_Hirth2003 </param>-->
        <!-- Brittle law  -->   <param> yield_upper_crust_CohesionDecrease</param>
        <!-- Stress limiter --> <param> stressLimiter_simple_300MPa </param>
        <!-- Visc limiter-->   <param> viscosityLimiter</param>

        </list>
</struct>


	<struct name="continental_crust">
    <param name="Type"> RheologyMaterial </param>
    <param name="Shape"> CrustShape </param>
    <param name="DensityProperty">densTempPressure_continental_upper_crust_Omer</param>

    <param name="DiffusivityProperty"> global_diffusivity </param>
    <param name="CpProperty"> global_cp </param>
    <param name="ThermalExpansivityProperty"> global_expansivity</param>
    <param name="RadiogenicHeatProductionProperty"> radiogenic_average_crust</param>


    <param name="MeltFractionProperty"> 0 </param>
    <param name="MeltFractionLimitProperty"> 0 </param>
    <param name="MeltExpansionProperty"> 0 </param>
    <param name="SolidusProperty"> 0 </param>
    <param name="LiquidusProperty"> 0 </param>
    <param name="LatentHeatFusionProperty" units="kJ*kg^-1"> 0.0 </param>

    <list name="Rheology">
        <!-- Viscous law  -->   <param> viscSRTdislocation_quartzite_Ranalli1995</param>
        <!-- Melt modifier -->  <!--<param> viscMelt_crustal_Hirth2003 </param>-->
        <!-- Brittle law  -->   <param> yield_upper_crust_CohesionDecrease</param>
        <!-- Stress limiter --> <param> stressLimiter_simple_300MPa </param>
        <!-- Visc limiter -->   <param> viscosityLimiter </param>
    </list>
</struct>



	<struct name="ThermAnom">
    <param name="Type"> RheologyMaterial </param>
    <param name="Shape"> AnomalySphere </param>
    <param name="DensityProperty"> densTemp_continental_litho_mantle</param>

    <param name="DiffusivityProperty"> global_diffusivity </param>
    <param name="CpProperty"> global_cp </param>
    <param name="ThermalExpansivityProperty"> global_expansivity</param>
    <param name="RadiogenicHeatProductionProperty"> radiogenic_lithospheric_mantle </param>

    <param name="MeltFractionProperty"> 0 </param>
    <param name="MeltFractionLimitProperty"> 0 </param>
    <param name="MeltExpansionProperty"> 0 </param>
    <param name="SolidusProperty"> 0 </param>
    <param name="LiquidusProperty"> 0 </param>
    <param name="LatentHeatFusionProperty" units="kJ*kg^-1"> 0.0 </param>
    <!--<param name="SurfaceProcesses"> erosion_threshold </param>-->

    <list name="Rheology">

 <!-- Viscous law  -->   <param> viscSRTdislocation_wet_olivine_Hirth2003_act33UpperLimit</param>
        <!-- Melt modifier -->  <!--<param> viscMelt_mantle_Hirth2003 </param>-->
        <!-- Visc limiter-->   <param> viscosityLimiter</param>

        </list>

</struct>




    <!-- IMPORTANT NOTE: If you are using the Isostasy function (which is ON by default)
       then a few rules apply:
       - There can only be ONE material across the entire base of the model.
       - You must let the Isostasy function know which material that is. To
        do so, goto the bottom of the lmrVelocityBoundaries.xml file, and
        put the material name into the "rhoZeroMaterial" param.

       For example, say you have a model that includes the asthenosphere as a seperate
       material:
       ___________________________________________
       |                                         |
       |                Upper Crust              |
       |_________________________________________|
       |                                         |
       |                Lower Crust              |
       |_________________________________________|
       |                                         |
       |                Litho Mantle             |
       |                                         |
       |                                         |
       |_________________________________________|
       |                Asthenosphere            |
       |_________________________________________|

       Then you will need to go to lmrVelocityBoundaries.xml, and change
       the rhoZeroMaterial param from:
       <param name="rhoZeroMaterial"> mantle </param>
       to:
       <param name="rhoZeroMaterial"> asthenosphere </param>
    -->

    </struct>

</StGermainData>
