<?xml version="1.0" encoding="UTF-8"?>
<StGermainData xmlns="http://www.vpac.org/StGermain/XML_IO_Handler/Jun2003">
    
    <struct name="temperatureBCs">
        <param name="type"> CompositeVC </param>
        <list name="vcList">
            <struct>
                <param name="type"> WallVC </param>
                <param name="wall"> top </param>
                <list name="variables">
                    <struct>
                        <param name="name"> temperature </param>
                        <param name="type"> double </param>
                        <param name="value" units="K">293 </param>
                    </struct>
                </list>
            </struct>
            
         <struct>
                <param name="type"> WallVC </param>
                <param name="wall"> bottom </param>
                <list name="variables">
                    <struct>
                        <param name="name"> temperature </param>
                        <param name="type"> double </param>
                        <param name="value" units="K"> 1626 </param>
                    </struct>
                </list>
            </struct>

	
		
	   <struct>
                <param name="type"> MeshShapeVC </param>
                <param name="Shape">AnomalySphere </param>
                <list name="variables">
                    <struct>
                        <param name="name">temperature</param>
                        <param name="type">double</param>
                        <param name="value" units="K">  1950 </param>
                    </struct>
                </list>
            </struct>
		

        </list>
    </struct>


    <!-- === Heat flux boundary condition ============================== -->
    <!-- A heat flux BC can be applied to a wall, rather than a fixed 
         temperature. To do so, comment out the bottom wallVC defined above,
         and un-comment the following "thermalFluxBC" struct. The XML code
         following that defines the vector of flux, and the calculations that
         go into it.
    -->
    <struct name="components" mergeType="merge">        
       
      <!--  <struct name="thermalFluxBC">
            <param name="Surface"> bottom </param>
            <param name="functionLabel"> heat_flux_vector </param>
            <param name="Type"> VectorSurfaceAssemblyTerm_NA__Fi__ni </param>
            <param name="ForceVector"> residual </param>
            <param name="Swarm"> borderGaussSwarm </param>
        </struct>-->
       
        <struct name="basal_heat_flow">
            <!-- Heat flow at _moho_ ranges from ~10 to ~20 mW/m^2
                 See Jaupart and Mareschal, Treatise on Geophysics, 2007 
                 Adjust for depth to the base of your model. -->
            <param name="Type"> Ppc_Constant </param>
            <param name="Value" units="mW/(m*m)"> 20 </param>
        </struct>
            
        <struct name="heat_flux_vector">
            <param name="Type"> Ppc_a_Vector </param>
            <param name="Alpha"> basal_heat_flux </param>
            <param name="vi"> 0 </param>
            <param name="vj"> 1 </param>
            <param name="vk"> 0 </param>
        </struct>
        <struct name="basal_heat_flux">
            <param name="Type"> Ppc_Operation </param>
            <param name="Operation"> / </param>
            <list name="Properties">
                <param> basal_heat_flow </param>
                <param> basal_rho_cp </param>
            </list>
        </struct>
        <struct name="basal_rho_cp">
            <param name="Type"> Ppc_Operation </param>
            <param name="Operation"> * </param>
            <list name="Properties">
                <param units="kg/m^3">   3360 </param>   <!-- Note this is an approximation -->
                <param units="J/(K*kg)"> 1000 </param>
            </list>
        </struct>
    </struct>
    <!-- === End of Heat flux boundary condition ======================= -->
    
    
</StGermainData>
