<?xml version="1.0" encoding="UTF-8"?>
 <StGermainData xmlns="http://www.vpac.org/StGermain/XML_IO_Handler/Jun2003">
    
    
     <!-- Use the lines below to initialize the temperature field in the model and embed a thermal anomaly.-->
 <list name="plugins" mergeType="merge">
        <struct>
            <param name="Type">Underworld_HDF5ConditionFunction</param>
            <param name="FeVariableHDF5Filename"> ./initial-condition_2x96x2_laterally_homog/TemperatureField.07008.h5 </param> <!-- directory for temperature file-->
            <param name="MeshHDF5Filename"> ./initial-condition_2x96x2_laterally_homog/Mesh.linearMesh.00000.h5 </param> <!-- directory for Mesh file-->
            <param name="TargetFeVariable"> TemperatureField </param>
            <param name="Partitioned"> False </param>
        </struct>
    </list>
 
    
      <struct name="temperatureICs">
        <param name="type">CompositeVC</param>
        <list name="vcList"> 
          <!--  Note: each struct is applied in order. If you put a MeshShapeVC first, followed by 
                 a AllNodesVC, the MeshShapeVC will be overwritten.-->
          <struct>
                <param name="type"> AllNodesVC </param>
                <list name="variables">
                    <struct>
                        <param name="name"> temperature </param>
                        <param name="type"> func </param>
                        <param name="value"> HDF5ConditionFunction </param>
                    </struct>
                </list>
            </struct>
            

           <!-- Thermal Anomaly -->
	 <struct>
                <param name="type"> MeshShapeVC </param>
                <param name="Shape"> AnomalySphere</param>
                <list name="variables">
                    <struct>
                        <param name="name">temperature</param>
                        <param name="type">double</param>
                        <param name="value" units="K">  1950</param>
                    </struct>
                </list>
            </struct>

        </list>
    </struct>
    
</StGermainData>
