<?xml version="1.0" encoding="UTF-8"?>
<lmr:LMRStarterKit xmlns:lmr="https://bitbucket.org/lmondy/lithosphericmodellingrecipe"
    xmlns:xsi="http://www.w3.org/2001/XMLSchema-instance"
    xsi:schemaLocation="file:./LMR.xsd">

    <Output_Controls>
        <description> reference_model </description>

        <model_resolution>
            <x> 384 </x>
            <y> 96 </y>
            <z>384 </z>
        </model_resolution>

        <experiment_duration_options>
            <maximum_timesteps> 10000000 </maximum_timesteps>
            <maximum_time_in_years> 300.0e6 </maximum_time_in_years>
        </experiment_duration_options>

    <checkpoint_frequency_options>
        <every_x_years> 50000 </every_x_years>

        <every_x_timesteps> 1000000 </every_x_timesteps>
    </checkpoint_frequency_options>

        <output_pictures> false </output_pictures>
        <write_log_file> true </write_log_file>
    </Output_Controls>

    <Thermal_Equilibration>
        <run_thermal_equilibration_phase>false</run_thermal_equilibration_phase>

        <update_xml_information> false</update_xml_information>
        <preserve_thermal_equilibration_checkpoints> true</preserve_thermal_equilibration_checkpoints>

        <output_controls>
            <description> laterally_homog </description>

            <thermal_model_resolution>
                <x> 2 </x>
                <y> 96 </y>
                <z> 2</z>
            </thermal_model_resolution>

    <experiment_duration_options>
        <maximum_timesteps> 10000000</maximum_timesteps>
        <maximum_time_in_years> 400.0e6 </maximum_time_in_years>
    </experiment_duration_options>

    <checkpoint_frequency_options>
        <every_x_years> 10.0e6 </every_x_years>
        <every_x_timesteps> 100000000 </every_x_timesteps>
    </checkpoint_frequency_options>
        </output_controls>
    </Thermal_Equilibration>


    <Restarting_Controls>
        <restart>false</restart>
        <restart_from_step>8752</restart_from_step>
    </Restarting_Controls>

   <Solver_Details>
        <linear_solver>
            <tolerance> 1e-5 </tolerance>
            <min_iterations> 10 </min_iterations>
            <max_iterations> 15000 </max_iterations>
        </linear_solver>

        <nonLinear_solver>
            <tolerance> 0.001 </tolerance>
            <min_iterations> 2 </min_iterations>
            <max_iterations> 3000 </max_iterations>
        </nonLinear_solver>

        <force_multigrid_level_to_be> 5</force_multigrid_level_to_be> <!-- Set this to be >0 for effect -->

        <force_multigrid_solve> true </force_multigrid_solve>
        <force_direct_solve> false </force_direct_solve>
    </Solver_Details>

 <Underworld_Execution>
        <Underworld_binary> /short/q97/software/underworld2_hdf5p/libUnderworld/build/bin/Underworld </Underworld_binary>
        <!-- replace the line above with your Underworld code directory -->
	<!--<extra_command_line_flags> stokes_ksp_monitor_true_residual stokes_ksp_converged_reason</extra_command_line_flags>-->

       <!--<CPUs>18</CPUs>-->
        <supercomputer_mpi_format>true  </supercomputer_mpi_format>
    </Underworld_Execution>
       
      <!-- <Underworld_Execution>
           <Underworld_binary> /Users/bgh8/Develop/MyUW1/EarthByte_Underworld/build/bin/Underworld </Underworld_binary>
           <CPUs> 12 </CPUs>
           <supercomputer_mpi_format> false </supercomputer_mpi_format>
           <verbose_run> true </verbose_run>
       </Underworld_Execution>-->




</lmr:LMRStarterKit>
